한글표기,위중증_합계,위중증1일,치명(%),완치(%),발생률,인구수,확진자_합계,확진자1일,사망자_합계,사망자1일,완치_합계,완치1일,kr_code,en_code,country,etc,백신보유량,Enough_percent_people:,1차접종,2차접종,일별접종수
미국,"21,819",-275.0,1.6,76.0,133095,331002651,43942335,187382.0,"709,119",2781.0,"33,394,833",208564.0,미국,U.S.,,,391152580.0,61.1,64.4,55.8,701422.0
인도,"8,944",,1.3,97.8,24432,1380004385,33714241,21093.0,"447,699",337.0,"32,976,760",28144.0,인도,India,,,876538600.0,32.0,46.7,16.8,7178901.0
브라질,"8,318",,2.8,95.3,100592,212559417,21366395,14423.0,"594,702",218.0,"20,361,191",20818.0,브라질,Brazil,,,233261970.0,56.5,71.3,41.9,1317163.0
영국,878,-38.0,1.8,80.7,113959,67886011,7701715,37485.0,"136,208",40.0,"6,219,111",33541.0,영국,U.K.,,,93565470.0,70.0,73.0,67.1,63126.0
러시아,"2,300",,2.8,88.9,51151,145934462,7464708,21559.0,"205,531",852.0,"6,635,485",17368.0,러시아,Russia,,,89865310.0,30.6,32.6,28.5,214966.0
터키,633,,0.9,92.3,84132,84339067,7066688,27188.0,"63,372",206.0,"6,522,435",25160.0,터키,Turkey,,,108761680.0,65.4,64.5,53.0,381129.0
프랑스,"1,609",,1.7,96.3,107278,65273511,6995628,1309.0,"116,537",74.0,"6,737,491",14460.0,프랑스,France,,,94250530.0,72.7,77.4,74.6,229555.0
이란,"6,124",-85.0,2.2,89.7,66192,83992949,5559691,11701.0,"119,888",239.0,"4,988,109",22011.0,이란,Iran,,,43372270.0,26.0,35.5,16.8,1368407.0
아르헨티나,"1,200",-37.0,2.2,97.4,116245,45195774,5251940,1538.0,"114,954",92.0,"5,113,603",2007.0,아르헨티나,Argentina,,,51222136.0,57.0,65.7,48.3,222650.0
콜롬비아,542,,2.5,96.8,97368,50882891,4952690,1015.0,"126,178",33.0,"4,793,387",1672.0,콜롬비아,Colombia,,,39701908.0,39.4,51.4,32.8,169329.0
스페인,837,,1.7,95.6,105956,46754778,4951640,5039.0,"86,298",69.0,"4,736,022",27855.0,스페인,Spain,,,69936750.0,75.2,81.0,78.5,72816.0
이탈리아,488,5.0,2.8,95.0,77157,60461826,4662087,1773.0,"130,742",45.0,"4,430,265",2892.0,이탈리아,Italy,,,84351560.0,69.9,74.5,74.5,211345.0
독일,"1,435",,2.2,94.4,50350,83783942,4212201,4941.0,"94,049",66.0,"3,978,200",11500.0,독일,Germany,,,107197990.0,64.5,67.9,64.2,194817.0
인도네시아,,,3.4,95.7,15397,273523615,4211460,2057.0,"141,709",124.0,"4,031,099",3551.0,인도네시아,Indonesia,,,139232210.0,26.1,32.9,18.4,1916012.0
멕시코,"4,798",,7.6,82.3,28275,128932753,3635807,3007.0,"275,676",230.0,"2,991,723",7262.0,멕시코,Mexico,,,99366400.0,38.9,49.8,35.0,536693.0
폴란드,168,15.0,2.6,91.7,76747,37846611,2904631,976.0,"75,601",29.0,"2,662,115",107.0,폴란드,Poland,,,37158644.0,48.9,52.1,51.1,25851.0
남아프리카 공화국,546,,3.0,95.4,48878,59308690,2897521,578.0,"87,216",164.0,"2,762,812",2719.0,남아프리카 공화국,South Africa,,,17176604.0,16.4,20.7,14.3,116932.0
필리핀,"3,170",,1.5,93.3,23024,109581078,2522965,32107.0,"37,686",281.0,"2,353,140",61134.0,필리핀,Philippines,,,44361284.0,20.7,23.5,19.2,369770.0
우크라이나,177,,2.3,93.6,55143,43733762,2401956,6552.0,"55,863",143.0,"2,248,071",2927.0,우크라이나,Ukraine,,,17867952.0,21.4,29.6,13.2,157673.0
말레이시아,978,-72.0,1.2,90.8,68607,32365999,2209194,10959.0,"25,695",258.0,"2,005,939",16430.0,말레이시아,Malaysia,,,43028920.0,66.0,70.6,60.7,300427.0
페루,"1,025",2.0,9.2,,65942,32971854,2173354,320.0,"199,314",22.0,,,페루,Peru,,,25912376.0,39.1,46.7,31.1,246687.0
네덜란드,160,-17.0,0.9,,116697,17134872,1999592,1707.0,"18,162",8.0,,,네덜란드,Netherlands,,,23540560.0,68.3,70.3,63.6,20051.0
이라크,516,-5.0,1.1,95.3,49689,40222493,1998615,2401.0,"22,187",45.0,"1,904,022",3795.0,이라크,Iraq,,,7448300.0,9.5,11.7,7.3,110874.0
일본,"1,066",-44.0,1.0,96.8,13428,126476461,1698344,1722.0,"17,577",50.0,"1,643,625",4341.0,일본,Japan,,,161057150.0,63.8,69.5,58.2,1134065.0
체코,36,6.0,1.8,97.8,157882,10708981,1690288,668.0,"30,454",,"1,653,600",431.0,체코,Czech Republic,,,11788930.0,55.3,57.0,55.8,8874.0
칠레,389,9.0,2.3,97.3,86460,19116201,1652795,431.0,"37,449",4.0,"1,608,584",1088.0,칠레,Chile,,,31553676.0,82.6,78.5,73.8,109701.0
캐나다,638,,1.7,95.4,42813,37742154,1612431,10052.0,"27,698",49.0,"1,538,280",10029.0,캐나다,Canada,,,56036104.0,74.7,76.2,70.6,105929.0
태국,"3,324",,1.0,91.6,22806,69799978,1581415,9489.0,"16,498",129.0,"1,448,206",12805.0,태국,Thailand,,,46023016.0,33.1,42.4,22.8,640484.0
방글라데시,"1,408",-5.0,1.8,97.4,9435,164689383,1553873,1310.0,"27,470",31.0,"1,513,876",1195.0,방글라데시,Bangladesh,,,41466456.0,12.4,14.9,10.0,504273.0
이스라엘,641,,0.6,94.9,147235,8655535,1270230,,"7,684",,"1,205,657",,이스라엘,Israel,,,14970627.0,82.7,67.3,62.1,29290.0
파키스탄,"4,015",-18.0,2.2,93.8,5629,220892340,1241825,1400.0,"27,638",41.0,"1,164,219",2042.0,파키스탄,Pakistan,,,79533210.0,19.4,28.3,13.4,670870.0
벨기에,206,-10.0,2.1,93.1,107012,11589623,1238358,4635.0,"25,568",14.0,"1,152,355",7685.0,벨기에,Belgium,,,16644129.0,72.6,74.8,73.2,22185.0
루마니아,"1,267",49.0,3.0,91.2,62939,19237691,1210810,11049.0,"36,658",208.0,"1,104,496",5701.0,루마니아,Romania,,,10114580.0,26.1,28.2,27.5,20423.0
스웨덴,35,-7.0,1.3,,113986,10099265,1151173,1766.0,"14,808",27.0,,,스웨덴,Sweden,,,13703515.0,66.3,69.2,63.3,30188.0
포르투갈,74,-5.0,1.7,95.5,104718,10196709,1067775,600.0,"17,962",7.0,"1,019,266",1331.0,포르투갈,Portugal,,,15950862.0,77.6,86.9,84.0,23657.0
모로코,552,-46.0,1.5,96.9,25220,36910560,929699,394.0,"14,199",32.0,"901,220",2248.0,모로코,Morocco,,,40273384.0,56.6,61.6,51.6,237441.0
세르비아,251,26.0,0.9,85.5,106012,8737371,926269,8467.0,"8,142",45.0,"792,262",5785.0,세르비아,Serbia,,,6409263.0,46.0,43.4,41.4,15790.0
카자흐스탄,221,,1.3,92.6,47007,18776707,880709,1719.0,"11,100",35.0,"815,664",2781.0,카자흐스탄,Kazakhstan,,,14013701.0,37.6,40.4,34.4,56369.0
쿠바,406,20.0,0.8,95.4,76528,11326616,866808,6009.0,"7,330",51.0,"826,727",7105.0,쿠바,Cuba,,,20298170.0,89.6,79.8,43.6,270811.0
스위스,209,,1.3,90.7,96800,8654622,837767,1288.0,"11,079",26.0,"759,741",,스위스,Switzerland,,,10358035.0,60.6,64.3,58.3,28480.0
헝가리,74,3.0,3.7,95.4,85098,9660351,821526,265.0,"30,179",8.0,"783,815",648.0,헝가리,Hungary,,,11167215.0,57.1,60.2,57.7,5617.0
요르단,446,-30.0,1.3,97.2,80548,10203134,820798,1015.0,"10,697",17.0,"797,773",1069.0,요르단,Jordan,,,6960192.0,34.6,36.6,32.3,16091.0
네팔,,,1.4,96.3,27226,29136808,793271,904.0,"11,115",12.0,"763,734",1318.0,네팔,Nepal,,,13166598.0,23.1,23.9,21.7,186712.0
베트남,,,2.5,72.7,7917,97338579,770640,4589.0,"18,936",178.0,"559,941",21487.0,베트남,Vietnam,,,39232772.0,20.3,32.1,8.6,621033.0
오스트리아,240,6.0,1.5,95.8,82026,9006398,738763,1561.0,"10,986",10.0,"707,860",2758.0,오스트리아,Austria,,,10802266.0,61.0,64.5,60.9,9919.0
아랍에미레이트,,,0.3,99.0,74361,9890402,735457,277.0,"2,094",,"727,845",329.0,아랍에미레이트,UAE,,,19963360.0,92.9,85.9,76.1,59157.0
튀니지,316,,3.5,95.5,59692,11818619,705474,179.0,"24,794",6.0,"673,438",394.0,튀니지,Tunisia,,,7425277.0,31.5,40.5,29.0,36864.0
그리스,323,-14.0,2.3,93.8,62494,10423054,648091,2122.0,"14,727",48.0,"608,082",2382.0,그리스,Greece,,,12088975.0,56.4,59.9,56.6,22088.0
레바논,200,,1.3,94.9,91274,6825445,622440,205.0,"8,296",10.0,"591,002",2425.0,레바논,Lebanon,,,2929966.0,21.4,23.5,19.3,28922.0
조지아,,,1.5,95.3,153232,3989167,609340,2185.0,"8,884",40.0,"580,891",2010.0,조지아,Georgia,,,1760878.0,23.6,26.2,21.1,12798.0
과테말라,5,,2.4,92.3,30883,17915568,550333,773.0,"13,394",19.0,"507,777",2564.0,과테말라,Guatemala,,,6757605.0,19.2,24.9,13.1,73439.0
사우디아라비아,227,-17.0,1.6,98.0,15713,34813871,547035,50.0,"8,709",5.0,"536,079",53.0,사우디아라비아,Saudi Arabia,,,41886224.0,61.4,68.4,54.4,101318.0
벨라루스,,,0.8,96.6,56523,9449323,534104,1955.0,"4,114",12.0,"516,030",1469.0,벨라루스,Belarus,,,3389520.0,17.9,19.8,16.0,26145.0
코스타리카,443,-16.0,1.2,80.8,103664,5094118,525999,4817.0,"6,277",88.0,"425,077",4873.0,코스타리카,Costa Rica,,,5278479.0,52.0,64.5,39.5,12.0
스리랑카,,,2.5,88.5,24075,21413249,514592,983.0,"12,731",51.0,"455,344",812.0,스리랑카,Sri Lanka,,,26096108.0,59.8,66.0,53.3,167003.0
에콰도르,759,,6.4,87.3,28830,17643054,508655,797.0,"32,747",27.0,"443,880",,에콰도르,Ecuador,,,20571336.0,59.6,64.2,57.0,16381.0
볼리비아,220,,3.7,91.8,42804,11673021,499202,307.0,"18,707",7.0,"458,227",711.0,볼리비아,Bolivia,,,6700654.0,29.0,36.8,28.2,33238.0
불가리아,432,-108.0,4.2,87.3,71666,6948445,495397,2536.0,"20,638",149.0,"432,315",2268.0,불가리아,Bulgaria,,,2521738.0,18.1,17.3,19.0,5780.0
아제르바이잔,,,1.3,94.1,47479,10139177,481401,,"6,476",,"452,968",,아제르바이잔,Azerbaijan,,,8350575.0,41.8,47.2,36.4,53286.0
파나마,61,,1.5,97.7,108138,4314767,466357,179.0,"7,216",8.0,"455,577",180.0,파나마,Panama,,,5367816.0,63.6,69.7,57.5,16408.0
파라과이,23,,3.5,96.3,64479,7132538,459855,27.0,"16,191",48.0,"442,854",109.0,파라과이,Paraguay,,,4488153.0,31.4,36.7,26.1,9935.0
미얀마,,,3.8,90.1,8474,54409800,459436,1282.0,"17,583",56.0,"413,821",1866.0,미얀마,Myanmar,,,9001616.0,8.5,10.5,6.6,163440.0
쿠웨이트,10,-2.0,0.6,99.2,96374,4270571,411533,49.0,"2,447",1.0,"408,424",42.0,쿠웨이트,Kuwait,,,2380000.0,25.1,56.2,19.4,12990.0
슬로바키아,119,20.0,3.1,94.4,75027,5459642,409621,1012.0,"12,606",10.0,"386,612",464.0,슬로바키아,Slovakia,,,4762272.0,43.7,44.8,41.3,6412.0
크로아티아,102,5.0,2.1,96.1,97721,4105267,401169,1061.0,"8,614",8.0,"385,455",1098.0,크로아티아,Croatia,,,3413174.0,42.0,44.5,41.7,6307.0
우루과이,13,-1.0,1.6,98.1,111897,3473730,388572,70.0,"6,053",1.0,"381,190",152.0,우루과이,Uruguay,,,6214949.0,88.3,77.7,72.9,20806.0
아일랜드,66,1.0,1.4,88.0,78419,4937786,385721,1044.0,"5,209",,"339,559",1926.0,아일랜드,Ireland,,,7200652.0,72.7,76.1,74.1,9025.0
베네수엘라,681,,1.2,95.3,12876,28435940,364758,1458.0,"4,427",15.0,"347,693",1090.0,베네수엘라,Venezuela,,,14050000.0,25.3,31.6,18.9,246316.0
온두라스,418,-33.0,2.7,30.0,36878,9904607,364605,1588.0,"9,705",26.0,"109,496",557.0,온두라스,Honduras,,,5196072.0,26.6,32.8,20.4,46577.0
덴마크,15,-3.0,0.7,97.9,61777,5792202,357827,457.0,"2,652",6.0,"350,430",403.0,덴마크,Denmark,,,8815419.0,75.9,76.7,75.1,4355.0
도미니카 공화국,171,1.0,1.1,97.5,33000,10847910,357517,368.0,"4,041",2.0,"348,606",259.0,도미니카 공화국,Dominican Republic,,,11828826.0,57.1,58.2,55.5,22374.0
에티오피아,791,-7.0,1.6,90.3,2984,114963588,342305,591.0,"5,439",38.0,"308,938",543.0,에티오피아,Ethiopia,,,3535329.0,1.8,2.9,0.8,50195.0
리비아,,,1.4,75.8,49274,6871292,337890,,"4,617",,"256,121",,리비아,Libya,,,1546967.0,11.8,20.7,2.8,11651.0
리투아니아,203,11.0,1.5,91.3,121173,2722289,327896,1242.0,"4,946",16.0,"299,479",212.0,리투아니아,Lithuania,,,3199916.0,57.5,62.5,57.7,21363.0
대한민국,324,5.0,0.8,88.6,6022,51269185,305840,2289.0,"2,464",8.0,"270,928",1796.0,대한민국,South Korea,,,62462920.0,60.4,74.5,46.3,533067.0
오만,20,-2.0,1.3,97.9,59473,5106626,303705,32.0,"4,095",,"297,252",335.0,오만,Oman,,,4946987.0,59.0,69.1,48.9,38813.0
이집트,90,,5.7,84.4,2961,102334404,302327,702.0,"17,224",37.0,"255,059",588.0,이집트,Egypt,,,15057720.0,7.6,9.7,5.5,303446.0
몽골,192,,0.4,95.2,91949,3278290,298919,2153.0,"1,242",17.0,"284,712",,몽골,Mongolia,,,4545348.0,68.9,68.3,64.5,16573.0
슬로베니아,74,6.0,1.6,93.9,139972,2078938,290994,1039.0,"4,553",10.0,"273,303",1385.0,슬로베니아,Slovenia,,,2113404.0,52.1,54.1,48.1,6460.0
몰도바,160,-1.0,2.3,94.4,72200,4033963,290043,1018.0,"6,713",18.0,"273,920",661.0,몰도바,Moldova,,,1392707.0,26.0,22.9,29.0,3561.0
바레인,4,1.0,0.5,99.2,161571,1701575,274877,63.0,"1,389",,"272,738",61.0,바레인,Bahrain,,,2568320.0,86.5,78.4,75.0,3999.0
아르메니아,,,2.0,92.7,87969,2963243,259779,772.0,"5,277",13.0,"240,730",425.0,아르메니아,Armenia,,,408535.0,6.9,8.9,4.8,5965.0
케냐,92,,2.1,96.8,4626,53771296,248515,,"5,109",,"240,672",,케냐,Kenya,,,3613357.0,3.8,5.7,1.9,30756.0
카타르,16,,0.3,99.2,82082,2881053,236482,94.0,605,,"234,545",120.0,카타르,Qatar,,,4702517.0,84.1,84.4,79.4,4415.0
보스니아 헤르체고비나,,,4.5,82.5,71056,3280819,233121,884.0,"10,542",34.0,"192,218",,보스니아 헤르체고비나,Bosnia and Herzegovina,,,1060145.0,16.1,19.2,12.9,7334.0
잠비아,25,-3.0,1.7,98.1,11364,18383955,208912,55.0,"3,647",1.0,"204,847",102.0,잠비아,Zambia,,,711264.0,1.9,1.8,2.1,6903.0
나이지리아,11,,1.3,94.2,995,206139589,204752,296.0,"2,690",13.0,"192,951",331.0,나이지리아,Nigeria,,,6552979.0,1.6,2.3,0.9,59719.0
알제리,18,,2.9,68.5,4630,43851044,202877,155.0,"5,786",9.0,"138,961",109.0,알제리,Algeria,,,14082920.0,16.2,13.9,9.3,292376.0
북마케도니아,,,3.5,90.2,91420,2083374,189999,,"6,607",,"171,375",,북마케도니아,North Macedonia,,,1495762.0,36.0,37.6,34.3,5856.0
노르웨이,21,2.0,0.5,47.3,34733,5421241,187941,724.0,851,1.0,"88,952",,노르웨이,Norway,,,7757255.0,72.4,77.2,67.6,17426.0
키르기스스탄,131,,1.5,97.0,27351,6524195,178375,58.0,"2,604",2.0,"173,005",93.0,키르기스스탄,Kyrgyzstan,,,1422970.0,11.1,12.7,9.5,10359.0
보츠와나,1,,1.3,97.2,75714,2351627,178050,1623.0,"2,367",7.0,"173,004",953.0,보츠와나,Botswana,,,606699.0,12.8,17.2,9.5,2729.0
우즈베키스탄,23,,0.7,97.0,5181,33469203,172899,406.0,"1,230",5.0,"167,700",501.0,우즈베키스탄,Uzbekistan,,,18526940.0,27.9,29.4,11.1,155946.0
알바니아,3,,1.6,92.0,58650,2877797,168188,295.0,"2,653",13.0,"154,694",1075.0,알바니아,Albania,,,1715133.0,29.9,32.7,27.0,8220.0
라트비아,61,9.0,1.7,92.8,82642,1886198,155880,804.0,"2,700",11.0,"144,715",,라트비아,Latvia,,,1621953.0,42.2,47.4,43.5,4283.0
아프가니스탄,"1,124",,4.6,80.2,3985,38928346,155128,35.0,"7,204",3.0,"124,362",349.0,아프가니스탄,Afghanistan,,,3133227.0,4.2,2.6,1.2,765279.0
에스토니아,19,2.0,0.9,92.2,116636,1326535,154722,796.0,"1,351",5.0,"142,671",186.0,에스토니아,Estonia,,,1361564.0,51.4,57.0,45.7,3361.0
모잠비크,32,,1.3,97.4,4817,31255435,150540,10.0,"1,910",1.0,"146,588",34.0,모잠비크,Mozambique,,,3644423.0,5.8,6.1,5.6,54234.0
핀란드,25,,0.8,32.8,25283,5540720,140087,409.0,"1,062",,"46,000",,핀란드,Finland,,,7523959.0,68.2,74.8,61.6,20879.0
몬테네그로,,,1.5,93.0,207781,628066,130500,852.0,"1,914",19.0,"121,363",1218.0,몬테네그로,Montenegro,,,452830.0,36.3,38.6,33.7,2132.0
짐바브웨,12,,3.5,94.2,8765,14862924,129919,294.0,"4,607",3.0,"122,446",197.0,짐바브웨,Zimbabwe,,,5263782.0,17.7,20.5,14.8,31282.0
나미비아,16,-1.0,2.7,96.4,50176,2540905,127373,112.0,"3,494",,"122,753",19.0,나미비아,Namibia,,,407502.0,8.3,10.5,6.5,4761.0
가나,42,,0.9,96.4,4088,31072940,127016,395.0,"1,150",4.0,"122,456",578.0,가나,Ghana,,,1653422.0,2.7,2.9,2.5,3330.0
우간다,327,,2.6,77.9,2696,45741007,123245,,"3,146",,"96,059",,우간다,Uganda,,,2058553.0,2.6,4.1,1.0,90201.0
키프로스,33,-6.0,0.5,76.8,97981,1207359,118181,136.0,553,,"90,755",,키프로스,Cyprus,,,1147010.0,65.5,67.9,63.1,1090.0
캄보디아,,,2.1,91.8,6679,16718965,110792,866.0,"2,287",26.0,"101,690",505.0,캄보디아,Cambodia,,,23830570.0,72.2,79.6,66.0,213009.0
코소보,,,2.1,98.0,59381,1810463,107507,,"2,269",,"105,323",,코소보,Kosovo,,,1283840.0,35.7,43.3,28.1,15384.0
엘살바도르,127,,3.1,83.2,16088,6486205,104348,2324.0,"3,211",14.0,"86,851",1870.0,엘살바도르,El Salvador,,,7396969.0,57.3,62.8,51.6,32549.0
호주,301,,1.2,74.1,4029,25499884,100919,1886.0,"1,256",12.0,"74,781",,호주,Australia,,,27109766.0,53.1,63.1,41.9,285221.0
르완다,9,-2.0,1.3,46.9,7504,12952218,96982,143.0,"1,258",6.0,"45,465",1.0,르완다,Rwanda,,,3740279.0,15.1,16.9,13.2,54654.0
중국,,,4.8,94.2,67,1439323776,96081,31.0,"4,636",,"90,463",61.0,중국,Mainland China,,,2203185000.0,78.7,78.6,73.0,3171286.0
싱가포르,27,-3.0,0.1,84.0,15687,5850342,89539,1647.0,80,2.0,"75,176",524.0,싱가포르,Singapore,,,9306870.0,81.6,82.1,79.2,23733.0
카메룬,152,,1.6,94.2,3218,26545863,85414,,"1,368",,"80,433",,카메룬,Cameroon,,,461201.0,0.9,1.5,0.3,995.0
몰디브,23,,0.3,97.9,156470,540544,84484,122.0,231,,"82,676",109.0,몰디브,Maldives,,,727664.0,97.8,105.3,90.3,759.0
자메이카,46,15.0,2.2,63.0,28145,2961167,83030,252.0,"1,841",7.0,"52,292",195.0,자메이카,Jamaica,,,743184.0,13.6,19.3,8.9,4756.0
룩셈부르크,8,,1.1,97.6,124602,625978,77930,168.0,835,,"76,026",261.0,룩셈부르크,Luxembourg,,,784482.0,63.9,68.1,65.1,592.0
세네갈,9,-1.0,2.5,97.2,4405,16743927,73757,10.0,"1,855",,"71,694",82.0,세네갈,Senegal,,,1784832.0,5.5,7.6,3.5,2395.0
말라위,67,,3.7,88.9,3216,19129952,61517,8.0,"2,278",2.0,"54,668",75.0,말라위,Malawi,,,1087426.0,2.7,3.9,2.4,7915.0
코트디부아르,,,1.0,96.0,2275,26378274,59977,98.0,607,7.0,"57,606",127.0,코트디부아르,Ivory Coast,,,1968171.0,3.7,5.6,1.4,33239.0
콩고민주공화국,,,1.9,54.3,635,89561403,56862,245.0,"1,084",1.0,"30,858",,콩고민주공화국,DR Congo,,,134945.0,0.1,0.1,0.05,432.0
앙골라,8,,2.7,85.1,1705,32866272,55583,462.0,"1,513",12.0,"47,328",55.0,앙골라,Angola,,,3134137.0,5.2,7.1,3.3,44858.0
피지,10,-29.0,1.2,72.2,56749,896445,50872,117.0,621,31.0,"36,724",17.0,피지,Fiji,,,975268.0,54.5,65.7,43.3,9017.0
트리니다드 토바고,22,,2.9,88.7,35891,1399488,50055,106.0,"1,464",7.0,"44,378",202.0,트리니다드 토바고,Trinidad and Tobago,,,1047111.0,37.5,41.5,34.4,3453.0
에스와티니,10,,2.6,96.0,39538,1160164,45812,42.0,"1,213",1.0,"43,983",92.0,에스와티니,Eswatini,,,240002.0,10.8,18.7,18.1,888.0
마다가스카르,3,,2.2,96.3,1549,27691018,42898,,958,,"41,322",,마다가스카르,Madagascar,,,417648.0,0.8,0.7,0.7,5145.0
수리남,19,,2.1,66.4,69872,586632,40476,568.0,861,16.0,"26,881",17.0,수리남,Suriname,,,394029.0,33.0,37.8,28.2,2208.0
수단,,,7.6,83.8,872,43849260,38217,16.0,"2,900",6.0,"32,044",6.0,수단,Sudan,,,1650828.0,1.9,1.5,1.3,21549.0
카보베르데,23,,0.9,97.4,67449,555987,37472,24.0,336,2.0,"36,490",42.0,카보베르데,Cape Verde,,,414300.0,37.7,51.7,23.7,3741.0
몰타 공화국,3,-1.0,1.2,96.7,84067,441543,37119,16.0,457,,"35,896",37.0,몰타 공화국,Malta,,,818593.0,82.9,85.1,85.1,824.0
모리타니,22,,2.2,95.8,7730,4649658,35889,30.0,772,4.0,"34,399",108.0,모리타니,Mauritania,,,890122.0,11.0,7.9,0.5,2813.0
가이아나,30,-3.0,2.5,85.0,39869,786552,31236,88.0,772,10.0,"26,557",287.0,가이아나,Guyana,,,538748.0,34.3,45.2,23.4,2082.0
기니,24,,1.2,94.7,2313,13132795,30364,2.0,378,1.0,"28,752",19.0,기니,Guinea,,,1699898.0,6.2,8.5,3.9,41480.0
가봉,26,3.0,0.6,90.3,13261,2225734,29515,389.0,183,5.0,"26,641",100.0,가봉,Gabon,,,180320.0,4.3,4.9,3.8,1099.0
토고,,,0.9,88.8,3059,8278724,25252,34.0,227,1.0,"22,433",112.0,토고,Togo,,,997632.0,6.2,7.4,5.0,23544.0
베냉,5,,0.7,75.3,1894,12123200,22958,,154,,"17,294",,베냉,Benin,,,226269.0,1.0,1.3,0.2,1696.0
라오스,,,0.1,24.8,3153,7275560,22441,,16,,"5,568",,라오스,Laos,,,4402770.0,30.7,39.1,26.7,9906.0
세이셸,,,0.5,97.9,217058,98347,21347,90.0,115,,"20,903",246.0,세이셸,Seychelles,,,148402.0,77.3,80.5,74.1,154.0
바하마,15,,2.5,88.2,53000,393244,20775,172.0,523,1.0,"18,321",56.0,바하마,Bahamas,,,184461.0,24.2,30.0,18.4,210.0
소말리아,,,5.6,47.7,1257,15893222,19980,257.0,"1,111",8.0,"9,523",109.0,소말리아,Somalia,,,464359.0,1.5,1.7,1.4,9868.0
벨리즈,10,,2.0,88.1,51040,397628,19945,345.0,405,3.0,"17,568",321.0,벨리즈,Belize,,,304218.0,37.3,47.6,28.2,2922.0
파푸아뉴기니,7,,1.2,94.0,2182,8947024,19523,,227,,"18,353",,파푸아뉴기니,Papua New Guinea,,,164776.0,1.0,1.4,0.5,2517.0
동티모르,,,0.6,95.1,14748,1318445,19445,47.0,114,1.0,"18,493",128.0,동티모르,Timor-Leste,,,675891.0,26.1,32.8,19.4,3941.0
타지키스탄,,,0.7,99.3,1791,9537645,17084,,124,,"16,960",,타지키스탄,Tajikistan,,,3872421.0,20.8,24.8,16.8,70941.0
대만,,,5.2,84.8,680,23816775,16205,7.0,842,,"13,742",,대만,Taiwan,,,14763330.0,31.3,53.2,9.4,202336.0
아루바,7,,1.1,97.3,144690,106766,15432,16.0,166,1.0,"15,013",18.0,아루바,Aruba,,,155753.0,69.5,72.5,66.6,150.0
모리셔스,,,0.5,12.0,12102,1271768,15391,230.0,79,8.0,"1,854",,모리셔스,Mauritius,,,1633952.0,64.5,66.8,62.2,1155.0
안도라,4,,0.9,98.6,196622,77265,15189,22.0,130,,"14,981",15.0,안도라,Andorra,,,95918.0,62.3,68.7,55.9,113.0
말리,,,3.6,94.1,750,20250833,15165,2.0,547,,"14,271",7.0,말리,Mali,,,405053.0,1.1,1.7,1.2,1460.0
레소토,,,2.8,47.4,6720,2142249,14395,,403,,"6,830",,레소토,Lesotho,,,332954.0,8.1,12.2,11.7,6246.0
콩고공화국,,,1.4,87.2,2581,5518087,14244,131.0,193,2.0,"12,421",,콩고공화국,Republic of the Congo,,,329905.0,3.6,4.7,2.5,1525.0
부르키나파소,,,1.3,97.6,679,20903273,14199,27.0,181,1.0,"13,856",44.0,부르키나파소,Burkina Faso,,,254545.0,0.6,1.2,0.8,8839.0
니카라과,,,1.5,30.8,2181,6624554,13730,,203,,"4,225",,니카라과,Nicaragua,,,788502.0,6.0,7.7,4.4,2155.0
지부티,,,1.3,96.6,12789,988000,12253,,162,,"11,838",,지부티,Djibouti,,,67229.0,3.1,3.8,2.4,174.0
홍콩,,,1.7,97.4,1629,7496981,12209,13.0,213,,"11,897",5.0,홍콩,Hong Kong,,,8622733.0,57.3,59.5,55.2,28497.0
남수단,4,,1.1,96.8,1070,11193725,11954,6.0,128,,"11,570",148.0,남수단,South Sudan,,,103751.0,0.4,0.6,0.2,996.0
적도 기니,1,,1.2,86.6,8415,1402985,11806,,142,,"10,225",,적도 기니,Equatorial Guinea,,,387510.0,14.2,16.4,12.1,2838.0
아이슬란드,3,,0.3,96.7,34462,341243,11760,128.0,33,,"11,372",121.0,아이슬란드,Iceland,,,551110.0,77.2,78.8,77.2,1103.0
중앙아프리카 공화국,2,,0.9,60.3,2354,4829767,11371,,100,,"6,859",,중앙아프리카 공화국,Central African Republic,,,187160.0,2.0,3.0,0.2,212.0
세인트루시아,15,,1.7,79.0,61647,183627,11231,87.0,186,1.0,"8,874",72.0,세인트루시아,St. Lucia,,,76224.0,21.2,25.0,17.3,495.0
감비아,3,,3.4,96.4,4109,2416668,9930,,335,,"9,571",,감비아,Gambia,,,207195.0,4.4,7.8,7.3,357.0
예멘,23,,18.9,62.0,302,29825964,8988,,"1,703",,"5,570",,예멘,Yemen,,,322934.0,0.5,1.0,0.05,244.0
바베이도스,,,0.9,85.4,27772,287375,7764,188.0,68,1.0,"6,634",162.0,바베이도스,Barbados,,,234124.0,40.8,46.1,35.5,1684.0
맨섬,1,,0.7,95.2,88319,85033,7455,28.0,51,,"7,096",31.0,맨섬,Isle of Man,,,129318.0,76.1,77.0,75.1,30.0
브루나이,34,-4.0,0.6,67.3,15573,437479,6813,113.0,39,1.0,"4,582",139.0,브루나이,Brunei,,,443676.0,48.2,58.7,37.8,5261.0
시에라리온,,,1.9,68.5,801,7976983,6393,,121,,"4,380",,시에라리온,Sierra Leone,,,232375.0,1.5,2.4,0.5,805.0
기니비사우,4,,2.2,86.6,3101,1968001,6099,,135,,"5,283",,기니비사우,Guinea-Bissau,,,94715.0,2.7,4.9,0.4,3807.0
니제르,,,3.4,95.9,248,24206644,5990,10.0,201,,"5,746",11.0,니제르,Niger,,,621853.0,1.3,1.7,0.4,9294.0
라이베리아,2,,4.9,94.2,1146,5057681,5794,12.0,283,,"5,458",,라이베리아,Liberia,,,284246.0,3.1,2.3,0.6,9467.0
지브롤터,2,,1.8,97.1,164198,33691,5532,15.0,97,,"5,373",8.0,지브롤터,Gibraltar,,,79502.0,116.9,117.4,116.4,30.0
산마리노,2,,1.7,97.8,159972,33931,5428,,91,,"5,310",,산마리노,San Marino,,,47088.0,69.2,71.8,71.8,9.0
버뮤다,1,,1.2,70.2,82613,62278,5145,163.0,62,10.0,"3,613",295.0,버뮤다,Bermuda,,,86676.0,68.8,69.6,68.0,60.0
차드,,,3.5,96.4,307,16425864,5034,2.0,174,,"4,853",3.0,차드,Chad,,,142548.0,0.4,0.7,0.2,2785.0
그레나다,,,2.6,61.5,44782,112523,5005,83.0,130,10.0,"3,080",221.0,그레나다,Grenada,,,55663.0,25.5,30.4,20.7,579.0
신트마르턴,10,,1.6,94.7,99426,42876,4235,22.0,66,3.0,"4,012",28.0,신트마르턴,Sint Maarten,,,49310.0,58.7,61.2,56.2,22.0
뉴질랜드,5,,0.6,94.2,881,4822233,4204,10.0,27,,"3,961",16.0,뉴질랜드,New Zealand,,,5087231.0,51.6,66.0,37.2,38574.0
코모로,,,3.6,95.9,4757,869601,4128,,147,,"3,960",,코모로,Comoros,,,336863.0,19.3,20.0,18.5,249.0
세인트빈센트 그레나딘,2,,0.5,71.1,30368,110940,3359,21.0,18,1.0,"2,388",7.0,세인트빈센트 그레나딘,St. Vincent and the Grenadines,,,33077.0,15.0,18.2,11.9,113.0
상투메 프린시페,,,1.5,80.0,15550,219159,3349,5.0,49,,"2,680",5.0,상투메 프린시페,Sao Tome and Principe,,,82679.0,19.4,28.4,10.4,2420.0
모나코,2,-4.0,1.0,98.2,84399,39242,3306,3.0,33,,"3,245",3.0,모나코,Monaco,,,49980.0,64.1,68.4,59.8,120.0
도미니카 연방,,,0.5,81.4,45745,71986,3293,,15,,"2,680",,도미니카 연방,Dominica,,,44624.0,31.4,33.3,29.6,82.0
앤티가 바부다,9,,2.2,64.4,32268,97929,2923,,64,,"1,882",,앤티가 바부다,Antigua and Barbuda,,,89252.0,46.0,50.1,41.9,1048.0
터크스 케이커스 제도,1,,0.8,97.0,73249,38717,2834,,23,,"2,749",1.0,터크스 케이커스 제도,Turks & Caicos,,,52374.0,68.9,72.2,65.6,77.0
부탄,,,0.1,99.7,3370,771608,2600,1.0,3,,"2,593",,부탄,Bhutan,,,1068414.0,71.7,77.1,66.3,3185.0
세인트키츠 네비스,1,,0.6,52.1,35546,53199,1872,37.0,11,1.0,976,6.0,세인트키츠 네비스,Saint Kitts and Nevis,,,47098.0,41.3,44.2,38.5,31.0
페로 제도,,,0.2,92.9,23331,48863,1140,13.0,2,,"1,059",8.0,페로 제도,Faroe Islands,,,74129.0,75.6,77.7,73.6,104.0
케이맨 제도,,,0.2,93.7,12477,65722,812,17.0,2,,761,14.0,케이맨 제도,Cayman Islands,,,110096.0,84.7,84.7,84.7,685.0
그린란드,2,,-,70.4,10058,56770,565,,0,,398,,그린란드,Greenland,덴마크,,102357.0,89.8,124.5,64.5,300.0
앵귈라,,,0.3,93.1,25928,15003,389,25.0,1,,362,17.0,앵귈라,Anguilla,,,18584.0,61.9,63.3,60.6,2.0
마카오,,,-,90.0,109,649335,70,3.0,0,,63,,마카오,Macau,,,649564.0,47.8,51.2,44.6,4123.0
포클랜드 제도,,,-,94.0,19253,3480,67,,0,,63,,포클랜드 제도,Falkland Islands,,,4407.0,73.5,87.7,59.2,202.0
몬트세랫,,,3.0,90.9,6611,4992,33,,1,,30,,몬트세랫,Montserrat,,,2871.0,28.7,29.7,27.8,2.0
솔로몬 제도,,,-,100.0,29,686884,20,,0,,20,,솔로몬 제도,Solomon Islands,,,97744.0,7.6,11.6,3.6,2902.0
사모아,,,-,100.0,15,198414,3,,0,,3,,사모아,Samoa,,,149431.0,37.2,49.3,25.0,981.0
세인트헬레나,,,-,100.0,329,6077,2,,0,,2,,세인트헬레나,St. Helena,,,7892.0,65.8,72.7,58.9,8.0
미크로네시아,,,-,100.0,9,115023,1,,0,,1,,미크로네시아,Micronesia,,,72085.0,34.7,41.6,-999.0,266.0
